username,email,password,firstName,lastName,gender,status
john_doe,john.doe9er@test.com,Password123,John,Doe,male,active
jane_smith,jane.s9mithhh@test.com,SecurePass456,Jane,Smith,female,active
bob_wilson,bob.wil9so9ngg@test.com,TestPass789,Bob,Wilson,male,inactive
alice_brown,alice.brow9ngg@test.com,MyPass321,Alice,Brown,female,active
charlie_davis,charlie.dav9isgg@test.com,Pass@word654,Charlie,Davis,male,active
john_doe,john.doee9r@test.com,Password123,John,Doe,male,active
jane_smith,jane.smith9hh@test.com,SecurePass456,Jane,Smith,female,active
bob_wilson,bob.wilsongg9@test.com,TestPass789,Bob,Wilson,male,inactive
alice_brown,alice.browngg9@test.com,MyPass321,Alice,Brown,female,active
charlie_davis,charlie.davisgg9@test.com,Pass@word654,Charlie,Davis,male,active
john_doe,john.doeer8@test.com,Password123,John,Doe,male,active
jane_smith,jane.smithhh8@test.com,SecurePass456,Jane,Smith,female,active
bob_wilson,bob.wilsongg8@test.com,TestPass789,Bob,Wilson,male,inactive
alice_brown,alice.browngg8@test.com,MyPass321,Alice,Brown,female,active
charlie_davis,charlie.davisgg8@test.com,Pass@word654,Charlie,Davis,male,active
john_doe,john.doeer7@test.com,Password123,John,Doe,male,active
jane_smith,jane.smithhh7@test.com,SecurePass456,Jane,Smith,female,active
bob_wilson,bob.wilsongg7@test.com,TestPass789,Bob,Wilson,male,inactive
alice_brown,alice.browngg7@test.com,MyPass321,Alice,Brown,female,active
charlie_davis,charlie.davisgg7@test.com,Pass@word654,Charlie,Davis,male,active
john_doe,john.doeer6@test.com,Password123,John,Doe,male,active
jane_smith,jane.smithhh6@test.com,SecurePass456,Jane,Smith,female,active
bob_wilson,bob.wilsongg6@test.com,TestPass789,Bob,Wilson,male,inactive
alice_brown,alice.browngg6@test.com,MyPass321,Alice,Brown,female,active
charlie_davis,charlie.davisgg6@test.com,Pass@word654,Charlie,Davis,male,active
john_doe,john.doeer5@test.com,Password123,John,Doe,male,active
jane_smith,jane.smithhh5@test.com,SecurePass456,Jane,Smith,female,active
bob_wilson,bob.wilsongg5@test.com,TestPass789,Bob,Wilson,male,inactive
alice_brown,alice.browngg5@test.com,MyPass321,Alice,Brown,female,active
charlie_davis,charlie.davisgg5@test.com,Pass@word654,Charlie,Davis,male,active
john_doe,john.doeer4@test.com,Password123,John,Doe,male,active
jane_smith,jane.smithhh4@test.com,SecurePass456,Jane,Smith,female,active
bob_wilson,bob.wilsongg4@test.com,TestPass789,Bob,Wilson,male,inactive
alice_brown,alice.browngg4@test.com,MyPass321,Alice,Brown,female,active
charlie_davis,charlie.davisgg4@test.com,Pass@word654,Charlie,Davis,male,active
john_doe,john.doeer3@test.com,Password123,John,Doe,male,active
jane_smith,jane.smithhh3@test.com,SecurePass456,Jane,Smith,female,active
bob_wilson,bob.wilsongg3@test.com,TestPass789,Bob,Wilson,male,inactive
alice_brown,alice.browngg3@test.com,MyPass321,Alice,Brown,female,active
charlie_davis,charlie.davisgg3@test.com,Pass@word654,Charlie,Davis,male,active
john_doe,john.doeer2@test.com,Password123,John,Doe,male,active
jane_smith,jane.smithhh2@test.com,SecurePass456,Jane,Smith,female,active
bob_wilson,bob.wilsongg2@test.com,TestPass789,Bob,Wilson,male,inactive
alice_brown,alice.browngg2@test.com,MyPass321,Alice,Brown,female,active
charlie_davis,charlie.davisgg2@test.com,Pass@word654,Charlie,Davis,male,active
john_doe,john.doeer1@test.com,Password123,John,Doe,male,active
jane_smith,jane.smithhh1@test.com,SecurePass456,Jane,Smith,female,active
bob_wilson,bob.wilsongg1@test.com,TestPass789,Bob,Wilson,male,inactive
alice_brown,alice.browngg1@test.com,MyPass321,Alice,Brown,female,active
charlie_davis,charlie.davisgg1@test.com,Pass@word654,Charlie,Davis,male,active